id,JobTitle,,,,,
,Python/Django Developer,,,,,
,Front End Developer,,,,,
,Project Manager,,,,,
,Front End Web Developer - Internship / Part Time,,,,,
,Web Developer,,,,,
,Front End Developer,,,,,
,Front End Developer,,,,,
,Front-End Developer,,,,,
,Web Developer,,,,,
,Web Developer,,,,,
,Web Developer,,,,,
,Web Developer,,,,,
,Manager Admissions,,,,,
,Web Developer,,,,,
,Front End Developer,,,,,
,Front - End Developer,,,,,
,Software Developer - Internee,,,,,
,C# Net Developer,,,,,
,Full Stack PHP/JS Developer,,,,,
