id,JobTitle,Company,,,,
,Python/Django Developer,Astute Softwares,,,,
,Front End Developer,Virtual Recruitment Days,,,,
,Project Manager,Redoya,,,,
,Front End Web Developer - Internship / Part Time,SharpRecruits,,,,
,Web Developer,Araam.pk,,,,
,Front End Developer,ThinkDone Solutions,,,,
,Front End Developer,Telelinkz Pvt. Ltd,,,,
,Front-End Developer,Emenac,,,,
,Web Developer,Continental Call Centre Pvt. LTD,,,,
,Web Developer,Pi Communications,,,,
,Web Developer,Rareiio,,,,
,Web Developer,Telus Network Pvt Ltd,,,,
,Manager Admissions,NUR International University,,,,
,Web Developer,HS Bro. Solutions,,,,
,Front End Developer,Devstudio,,,,
,Front - End Developer,CrecenTech,,,,
,Software Developer - Internee,CrecenTech,,,,
,C# Net Developer,CrecenTech,,,,
,Full Stack PHP/JS Developer,CrecenTech,,,,
